회사명,거래소코드,회계년도,매출액증가율(IFRS),매출액순이익률(IFRS),총자본투자효율(IFRS),CASH FLOW 대 부채비율(IFRS),총자본회전률(IFRS)
(주)CMG제약,058820,2012/12,-8.43,-42.4,-0.15,-7.76,0.38
(주)ES큐브,050120,2012/12,5.94,1.17,26,65.12,0.98
(주)가비아,079940,2012/12,13.88,14.91,33.44,38.19,0.86
(주)강원에너지,114190,2012/12,0,8.43,21.02,-5.92,1.19
(주)고영테크놀러지,098460,2012/12,25.67,14.72,27.71,61.78,1.06
(주)골드앤에스,035290,2012/12,-7.65,-13.75,15.46,22.37,0.9
(주)골프존뉴딘홀딩스,121440,2012/12,31.72,26.09,21.14,59.36,0.62
(주)광림,014200,2012/12,-19.88,0.69,11.45,27.86,0.97
(주)광무,029480,2012/12,-19.76,-37.4,-4.23,8.68,0.55
(주)구영테크,053270,2012/12,4.68,1.91,14.43,2.31,0.64
(주)국보디자인,066620,2012/12,-3.85,7.29,36.85,47.62,1.38
(주)국순당,043650,2012/12,-7.35,4.45,13.79,45.71,0.58
(주)국영지앤엠,006050,2012/12,2.85,11.04,21.17,-17.58,0.72
(주)그래디언트,035080,2012/12,17.36,141.64,10.74,-5.9,0.02
(주)글로벌스탠다드테크놀로지,083450,2012/12,54.38,8.61,43.98,19.44,1.27
(주)금화피에스시,036190,2012/12,30.8,17.08,68.09,102.82,1.08
(주)기산텔레콤,035460,2012/12,35.53,2.91,10.96,30.91,0.93
(주)나노신소재,121600,2012/12,-29.38,-5.7,12.3,-3.95,0.33
(주)나노엔텍,039860,2012/12,3.62,-47.32,-2.76,-19.72,0.29
(주)나이벡,138610,2012/12,43.42,-36.3,5.66,-6.08,0.23
(주)나이스디앤비,130580,2012/12,10.54,15.68,44.65,76.92,0.81
(주)네오리진,094860,2012/12,5.82,-11.32,2.05,15.54,0.61
(주)네오위즈,095660,2012/12,-0.62,0.64,19.86,20.25,0.97
(주)네오위즈홀딩스,042420,2012/12,45.78,120.78,6.85,29.03,0.07
(주)네오티스,085910,2012/12,19.86,12.33,23.63,48.37,0.5
(주)네오팜,092730,2012/12,10.8,3.45,14.95,53.31,0.55
(주)네이블커뮤니케이션즈,153460,2012/12,37.19,20.2,52.18,42.97,1.09
(주)네이처셀,007390,2012/12,19.35,-6.98,9.5,4.11,1.07
(주)네패스,033640,2012/12,19.22,7.51,24.23,17.78,0.88
(주)넥스턴바이오사이언스,089140,2012/12,-22.12,11.4,22.5,77.1,0.72
(주)넥스트아이,137940,2012/12,29.47,21.62,27.01,101.15,0.77
(주)노블엠앤비,106520,2012/12,43.23,10.92,32.31,15.49,1.16
(주)녹원씨엔아이,065560,2012/12,-33.42,-37.5,8.2,-32.16,1.08
(주)누리플랜,069140,2012/12,-24.84,-2.95,9.66,4.09,0.8
(주)누리플렉스,040160,2012/12,-28.88,-51.47,-13.5,14.76,0.42
(주)뉴보텍,060260,2012/12,-4.89,1,23.84,1.94,1.28
(주)뉴인텍,012340,2012/12,-16.15,-11.48,9.68,2.55,0.75
(주)뉴프렉스,085670,2012/12,70.89,1.08,18.34,0.18,1.31
(주)다날,064260,2012/12,-7.19,-5.47,-1.99,10.45,0.55
(주)다산네트웍스,039560,2012/12,-6.09,-10.32,6.17,55.15,0.65
(주)다우데이타,032190,2012/12,-38.17,3.44,4.94,1.93,0.32
(주)다원시스,068240,2012/12,20.39,11.5,20.64,16.35,0.57
(주)대동스틸,048470,2012/12,21.34,-0.21,4.08,9.61,1.85
(주)대륙제관,004780,2012/12,6.26,2.09,23.5,11.58,1.57
(주)대림제지,017650,2012/12,-2.14,16.41,22.42,65.66,0.75
(주)대명소노시즌,007720,2012/12,44.29,-91.7,-5.81,-168.21,0.14
(주)대성미생물연구소,036480,2012/12,-4.76,2.73,25.64,35.95,0.63
(주)대성파인텍,104040,2012/12,8.07,10.53,26.14,34.72,0.87
(주)대창솔루션,096350,2012/12,-12.63,-3.34,7.78,17.27,0.5
(주)대한과학,131220,2012/12,14.89,3.79,26.59,-2.9,1.25
(주)대호특수강,021040,2012/12,3.06,-5.11,1.63,0.67,1.27
(주)동국알앤에스,075970,2012/12,-17.55,0.21,10.14,21.99,0.79
(주)동국에스엔씨,100130,2012/12,19.77,5.27,4.69,5.57,0.48
(주)동방선기,099410,2012/12,-21.28,-7.05,1.19,5.65,0.33
(주)동성화인텍,033500,2012/12,34.77,4.24,18.55,-6.88,0.95
(주)동아엘텍,088130,2012/12,-13.52,2.36,9.19,11.17,0.48
(주)동양에스텍,060380,2012/12,-4.38,-2.02,1.62,-0.37,1.48
(주)동우팜투테이블,088910,2012/12,-2.02,1.11,13.64,23.02,1.51
(주)동원개발,013120,2012/12,77.87,8.96,14.82,6.66,1.03
(주)동일기연,032960,2012/12,-22.16,19.3,26.93,139.64,0.59
(주)동진쎄미켐,005290,2012/12,19.51,2.48,19.6,3.72,1.08
(주)듀오백,073190,2012/12,-11.72,1.98,11.8,62.57,0.69
(주)드래곤플라이,030350,2012/12,-7.81,-18.95,0.21,20.28,0.27
(주)드림어스컴퍼니,060570,2012/12,-0.16,-20.2,-23.75,-26.88,1.25
(주)디모아,016670,2012/12,13.58,6.03,15.88,19.11,1.68
(주)디스플레이테크,066670,2012/12,65.17,5.81,18.31,13.51,1.87
(주)디에스이엔,065150,2012/12,11.48,2.04,39.68,34.34,2.19
(주)디에스케이,109740,2012/12,-48.68,-3.77,9.16,-23.34,0.5
(주)디에이치오토웨어,025440,2012/12,4.21,-0.26,21.42,13.12,2.11
(주)디에이피,066900,2012/12,45.76,6.76,48.95,27.61,1.48
(주)디엔에이링크,127120,2012/12,9.69,2.69,14.77,-13.08,0.4
(주)디엔에프,092070,2012/12,7.28,1.73,18.39,4.26,0.44
(주)디엠에스,068790,2012/12,-59.08,-53.7,-8.91,3.55,0.29
(주)디오,039840,2012/12,-14.92,-15.44,15.11,9.51,0.4
(주)디이엔티,079810,2012/12,-32.67,3.3,19.83,30.28,0.94
(주)디지아이,043360,2012/12,14.3,2.82,4.65,19.46,0.52
(주)디지털대성,068930,2012/12,5.14,6.01,24.62,59.52,0.91
(주)디지틀조선일보,033130,2012/12,2.75,15.42,40.04,180.33,0.7
(주)딜리,131180,2012/12,10.24,10.86,13.07,89.98,0.69
(주)라이트론,069540,2012/12,17.75,10.95,21.42,8.07,0.99
(주)레드캡투어,038390,2012/12,12.18,9.57,46.78,78.49,0.69
(주)로보스타,090360,2012/12,-26.44,-5.47,15.34,10.41,1.04
(주)루멘스,038060,2012/12,43.56,3.55,18.31,23.03,1.83
(주)룽투코리아,060240,2012/12,24.66,-4.96,9.94,9.09,0.96
(주)리노스,039980,2012/12,44.08,6.15,25.81,35.47,1.55
(주)리더스코스메틱,016100,2012/12,19.62,-5.41,8.57,4.39,0.77
(주)리드코프,012700,2012/12,13.64,10.54,14.03,-15.53,0.67
(주)리튬포어스,073570,2012/12,-57.95,-75.37,-19.93,4.83,0.31
(주)링네트,042500,2012/12,9.79,5.29,24.96,8.88,1.33
(주)마이크로컨텍솔루션,098120,2012/12,3.97,19.06,37.59,150.7,0.97
(주)마크로젠,038290,2012/12,39.27,8.16,22.97,35.8,0.62
(주)매커스,093520,2012/12,-0.22,8.47,18.33,14.23,1.09
(주)멀티캠퍼스,067280,2012/12,26,6.21,24.47,48.89,0.85
(주)메디콕스,054180,2012/06,25.07,-24.75,-4.66,3.8,0.56
(주)메디톡스,086900,2012/12,67.08,42.57,38.98,65.42,0.59
(주)메디프론디비티,065650,2012/12,-33.24,-24.33,-0.8,-19.72,0.24
(주)메지온,140410,2012/12,69.59,27.75,3.99,20.35,0.17
(주)메타바이오메드,059210,2012/12,14.9,8.23,15.67,14.22,0.47
(주)모다이노칩,080420,2012/12,2.24,20.25,39.96,105.85,0.69
(주)모두투어네트워크,080160,2012/12,9.7,13,44.2,30.16,0.98
(주)모베이스,101330,2012/12,37.17,3.28,15.36,43.89,0.98
(주)모베이스전자,012860,2012/12,13.41,-2.34,19.85,3.29,1.47
(주)모헨즈,006920,2012/12,4.27,1.33,20.44,16.94,1.38
(주)무궁화인포메이션테크놀로지,038340,2012/12,78.19,-7.8,3.46,-5.52,1.66
(주)미래컴퍼니,049950,2012/12,-10.75,14.34,28.47,-3.64,0.85
(주)미코,059090,2012/12,2.29,1.41,29.51,4.92,0.62
(주)바른손,018700,2012/03,85.32,-12.73,29.11,-11.08,1.06
(주)바른손이앤에이,035620,2012/12,-36.63,41.25,6.2,11.8,0.17
(주)바이넥스,053030,2012/12,-0.62,-14.81,7.09,9.79,0.45
(주)바이오니아,064550,2012/12,-9.81,-27.12,7.18,-6.14,0.28
(주)바이오스마트,038460,2012/12,25.98,4.67,20.44,22.87,0.65
(주)바이오톡스텍,086040,2012/12,-23.33,8.71,9.56,15.74,0.41
(주)바텍,043150,2012/12,-6.38,1.5,10.13,4.32,0.59
(주)백금티앤에이,046310,2012/12,5.26,-2.01,7.68,-8.28,1.19
(주)버킷스튜디오,066410,2012/12,-48.81,-54.47,-15.77,-60.02,0.51
(주)부-스타,008470,2012/12,7.35,5.44,31.28,37.58,1.12
(주)부방,014470,2012/12,0.03,2.57,16.88,27.2,1.38
(주)뷰웍스,100120,2012/12,32.5,15.44,32.24,151.72,0.83
(주)브리지텍,064480,2012/12,26.13,15.5,44.85,18.18,1.04
(주)브이티지엠피,018290,2012/12,-8.69,-1.8,17.58,3.21,0.64
(주)블레이드엔터테인먼트,044480,2012/12,0.6,8.3,26.27,2.3,0.77
(주)블루콤,033560,2012/12,43.15,10.18,10,54.9,0.53
(주)비덴트,121800,2012/06,29.63,22.06,26.82,50.43,0.73
(주)비보존제약,082800,2012/12,148.4,0.92,23.65,6.97,1.91
(주)비아트론,141000,2012/12,12.92,19.22,23.4,-4.07,1.04
(주)비엘팜텍,065170,2012/12,5.92,-7.03,-8.95,13.63,0.98
(주)비엠티,086670,2012/12,-3.7,6.85,15.88,21.25,0.62
(주)비지에프에코머티리얼즈,126600,2012/12,5.01,6.77,22.55,-0.15,1.68
(주)비츠로셀,082920,2012/03,16.19,13.64,31.26,80.65,0.96
(주)비츠로시스,054220,2012/03,15.42,1.45,13.19,-1.82,1.16
(주)비츠로테크,042370,2012/03,8.35,0.62,14.79,-6.61,1.08
(주)비케이홀딩스,050090,2012/12,-11.46,45.58,37.44,11.84,0.46
(주)비트컴퓨터,032850,2012/12,6.84,0.59,13.78,8.97,0.6
(주)빅솔론,093190,2012/12,-6.17,18.03,28.54,79.34,0.94
(주)빅텍,065450,2012/12,-9.83,-18.77,12.38,-29.54,0.62
(주)사람인,143240,2012/12,16.41,9.83,111.4,41.29,1.62
(주)삼기,122350,2012/12,0,2.38,25.63,10.8,1.28
(주)삼보판지,023600,2012/12,-0.99,5.71,8.24,8.48,0.43
(주)삼일,032280,2012/12,-2.89,0.24,17.84,4.49,0.88
(주)삼일기업공사,002290,2012/12,36.87,5.75,14.57,16.37,0.99
(주)삼진,032750,2012/12,52.64,3.49,20.79,26.5,1.7
(주)삼진엘앤디,054090,2012/12,-9.32,4.85,15.47,-8.98,0.84
(주)삼표시멘트,038500,2012/12,12.36,-11.37,7.99,2.81,0.43
(주)삼화네트웍스,046390,2012/12,-34.99,-21.18,-4.3,-28.65,0.42
(주)상보,027580,2012/12,39.15,3.16,24.95,15.24,1.49
(주)상상인,038540,2012/12,40.17,12.06,12.53,27.49,0.84
(주)상상인인더스트리,101000,2012/12,26.24,-12.59,7.44,-10.07,0.67
(주)상아프론테크,089980,2012/12,-10.58,5.17,23.61,13,0.81
(주)상지카일룸,042940,2012/12,-33.38,-101.43,-51.15,-48.57,0.57
(주)새로닉스,042600,2012/12,0.36,-8.75,8.77,5.99,0.72
(주)서린바이오사이언스,038070,2012/12,35.3,9.01,21.44,20.97,1.06
(주)서부티엔디,006730,2012/12,22.72,0.73,1.43,5.13,0.05
(주)서산,079650,2012/12,61.41,8.88,35.9,46.25,1.31
(주)서연탑메탈,019770,2012/12,0.81,6.76,27.67,3.91,1.39
(주)서울리거,043710,2012/12,92.27,3.51,24.06,-24.42,2.59
(주)서울옥션,063170,2012/12,27.46,11.45,9.02,0.44,0.27
(주)서울제약,018680,2012/12,5.83,11,30.79,19.94,0.9
(주)서원인텍,093920,2012/12,-6.11,8.95,33.4,52.26,1.56
(주)서진오토모티브,122690,2012/12,0,0.15,16.93,-7.26,0.86
(주)서한,011370,2012/12,16.1,2.72,13.78,-8,1.01
(주)서희건설,035890,2012/12,-14.26,-1.32,9.35,-15.72,1.15
(주)선광,003100,2012/12,-1.85,14,18.31,29.69,0.33
(주)성광벤드,014620,2012/12,35.69,15.2,20.57,21.83,0.78
(주)성도이엔지,037350,2012/12,7.16,3.49,33.84,3.93,0.94
(주)성우하이텍,015750,2012/12,8.46,6.6,15.74,6.54,0.89
(주)성창오토텍,080470,2012/12,9.03,5.47,18.87,-6.54,1.21
(주)세동,053060,2012/12,18.87,0.51,19.69,2.48,1.21
(주)세보엠이씨,011560,2012/12,-33.15,3.02,80.33,24.93,1.67
(주)세운메디칼,100700,2012/12,14.01,10.68,28.71,130.99,0.9
(주)세원물산,024830,2012/12,5.76,12.64,15.6,15.21,0.39
(주)세중,039310,2012/12,0.55,9.57,37.6,26.78,0.79
(주)세진티에스,067770,2012/12,-31.29,-10.44,6.97,14.06,0.55
(주)세코닉스,053450,2012/12,73.69,10.23,23.63,3.64,1.13
(주)셀루메드,049180,2012/12,11.25,3.49,8.57,4.04,0.38
(주)셀바스에이아이,108860,2012/12,32,-26.26,8.88,46.89,0.51
(주)셀트리온제약,068760,2012/12,5.76,8.8,5.87,-2.74,0.16
(주)셀피글로벌,068940,2012/12,17.53,11.48,31.85,56.89,1.23
(주)소프트센,032680,2012/09,83.55,-6.98,2.91,-35.03,0.64
(주)손오공,066910,2012/12,-2.94,-7.07,9.71,12.75,0.93
(주)솔고바이오메디칼,043100,2012/12,13.34,-33.82,-0.99,-0.19,0.44
(주)솔본,035610,2012/12,-2.53,141.67,4.87,-77.44,0.03
(주)쇼박스,086980,2012/12,79.68,-5.61,23.75,18.17,0.54
(주)수성샐바시온,084180,2012/12,-14.43,7.35,13.53,15.56,0.57
(주)슈프리마에이치큐,094840,2012/12,24.51,29.6,16.24,147.64,0.46
(주)스마트솔루션즈,136510,2012/12,-65.95,-29.13,7.51,-86.99,0.16
(주)스맥,099440,2012/12,8,1.13,15.03,-5.94,1.08
(주)스카이문스테크놀로지,033790,2012/12,-46.79,-16.35,-3.43,6.42,0.5
(주)스킨앤스킨,159910,2012/12,0,28.18,21.96,66.37,0.47
(주)스타플렉스,115570,2012/12,19.39,-7.75,2.44,16.01,0.71
(주)스페코,013810,2012/12,8.06,6.74,13.58,7.83,0.65
(주)승일,049830,2012/12,4.57,4.57,18.55,28.38,1.06
(주)시공테크,020710,2012/12,-3.35,7.28,20.69,28.46,0.97
(주)시너지이노베이션,048870,2012/12,37.44,-4.36,6.64,2.85,0.47
(주)시노펙스,025320,2012/12,38.66,-6.69,3.31,4.05,2.28
(주)시큐브,131090,2012/12,15.96,15.68,23.63,25.53,0.73
(주)시티랩스,139050,2012/12,30.66,2.15,35.28,27.53,1.48
(주)신진에스엠,138070,2012/12,4.65,20.77,24.72,34.69,0.68
(주)심텍홀딩스,036710,2012/12,2.98,3.89,30.39,22.98,1.33
(주)쎄니트,037760,2012/12,19.57,-2.46,5.76,4.45,0.55
(주)쎄트렉아이,099320,2012/12,25.94,13.38,31.66,62.11,0.76
(주)쎌바이오텍,049960,2012/12,17.21,23.85,28.62,170.47,0.69
(주)쏠리드,050890,2012/12,141.02,3.55,14.81,-0.91,0.91
(주)씨씨에스충북방송,066790,2012/12,4.85,2.67,10.04,9.43,0.35
(주)씨에스,065770,2012/12,30.67,-13.12,4.44,-7.87,0.73
(주)씨에스에이코스믹,083660,2012/12,-5.69,-26.07,-3.85,-5.42,1.16
(주)씨엔플러스,115530,2012/12,0.77,4.46,22.09,33.87,0.87
(주)씨유메디칼시스템,115480,2012/12,-9.52,12.6,21.14,-13.86,0.48
(주)씨제이이엔엠,035760,2012/12,20.41,11.38,16.98,15.37,1.13
(주)씨젠,096530,2012/12,31.25,17.6,26.88,1.01,0.64
(주)씨티씨바이오,060590,2012/12,38.54,6.78,21.13,1.51,0.98
(주)씨티프라퍼티,052300,2012/12,-38.76,-47.31,-18.6,-0.79,0.58
(주)아가방앤컴퍼니,013990,2012/12,-2.67,1.07,10.89,6.77,0.92
(주)아나패스,123860,2012/12,-2.52,17.21,22.92,282.21,1.09
(주)아난티,025980,2012/12,31.03,-9.26,3.48,-4.76,0.12
(주)아리온테크놀로지,058220,2012/12,50.92,5.5,13.78,13.97,1.51
(주)아모텍,052710,2012/12,93.06,6.32,21.46,7.54,0.67
(주)아미노로직스,074430,2012/12,-14.59,-998.59,-65.58,-24.14,0.05
(주)아바코,083930,2012/12,-61.91,-0.2,10.93,30.28,0.73
(주)아바텍,149950,2012/12,87.24,20.99,41.63,120.19,1.03
(주)아이디스,143160,2012/12,0,16.98,37.83,118.44,1.22
(주)아이디스홀딩스,054800,2012/12,42.03,41.54,2.15,28.38,0.03
(주)아이씨디,040910,2012/09,-43.25,11.86,19.61,11.46,0.62
(주)아이앤씨테크놀로지,052860,2012/12,-53.71,-40.33,-5.42,209.68,0.18
(주)아이에스시,095340,2012/12,21.57,27.31,32.63,107.21,0.61
(주)아이에스이커머스,069920,2012/12,1.91,-5.91,-4.02,-0.21,0.97
(주)아이에이,038880,2012/12,49.15,-54.24,-10.56,-7.34,0.46
(주)아이엠,101390,2012/12,37.22,1.01,8.49,-3.9,1.1
(주)아이엠비씨,052220,2012/12,-9.43,6.64,4.92,38.48,0.85
(주)아이오케이컴퍼니,078860,2012/12,57.37,2.63,37.69,3.59,1.32
(주)아이윈,090150,2012/12,13.22,3.91,13.37,-0.45,0.87
(주)아이즈비전,031310,2012/12,-25.24,-1.06,3.21,-26.09,0.97
(주)아이컴포넌트,059100,2012/12,-30.87,-14.13,7.17,2.33,0.56
(주)아이톡시,052770,2012/12,-26.23,-6.89,35.3,4.32,0.89
(주)아이티엑스에이아이,099520,2012/12,4.58,0.24,19.46,1.62,0.94
(주)아즈텍더블유비이,032080,2012/12,-14.68,8.92,11.02,18.97,0.45
(주)아프리카티비,067160,2012/12,7.02,4.15,36.03,10.76,0.87
(주)안랩,053800,2012/12,28.31,11.59,35.41,46.95,0.7
(주)알에프세미,096610,2012/12,14.9,11.09,25.16,22.58,0.65
(주)알에프텍,061040,2012/12,93.81,6.9,26.6,19.17,2.16
(주)알톤스포츠,123750,2012/12,31.13,6.01,18.61,9.24,0.88
(주)알파홀딩스,117670,2012/12,45.14,9.51,20.43,12.84,0.8
(주)액토즈소프트,052790,2012/12,-16.64,12.22,9.38,12.17,0.47
(주)앤씨앤,092600,2012/12,15.88,6.01,15.47,60.98,0.7
(주)에너토크,019990,2012/12,20.21,12.15,33.21,86.37,1.06
(주)에스디시스템,121890,2012/12,78.07,0.07,15.56,-28.36,1.65
(주)에스비에스콘텐츠허브,046140,2012/12,-3.67,11.22,24.34,72.17,1.14
(주)에스씨디,042110,2012/12,11.93,0.34,21.29,28.13,1.1
(주)에스아이리소스,065420,2012/12,22.57,-7.16,-0.08,7.96,0.62
(주)에스앤더블류,103230,2012/12,-18.39,3.64,20.25,20.04,0.78
(주)에스앤에스텍,101490,2012/12,-7.23,10.15,15.66,19.96,0.41
(주)에스에너지,095910,2012/12,0.12,5.05,17.92,1.18,1.33
(주)에스에이엠티,031330,2012/12,5.62,1.46,17.1,5.8,4.58
(주)에스에이티,060540,2012/12,-35.46,201.55,6.43,4.72,0.09
(주)에스에프에이,056190,2012/12,-36.17,14.21,27.6,38.99,0.86
(주)에스에프에이반도체,036540,2012/12,-8.06,-2.08,15.2,10.36,0.77
(주)에스엠라이프디자인그룹,063440,2012/12,-18.21,-27.57,-0.69,-1.43,0.51
(주)에스엠엔터테인먼트,041510,2012/12,53.33,22.06,25.23,50.77,0.8
(주)에스엠컬처앤콘텐츠,048550,2012/12,33.7,-63.21,-4.79,-13.08,0.45
(주)에스엠코어,007820,2012/12,16.75,6.99,20.65,18.2,1.14
(주)에스지엔지,040610,2012/12,-1.6,8.69,7.35,31.69,0.48
(주)에스코넥,096630,2012/12,50.43,1.22,13.45,-1.66,1.52
(주)에스텍파마,041910,2012/12,4.63,17.04,20.6,17.89,0.65
(주)에스티아이,039440,2012/12,-23.36,5.72,35.6,12.22,1.54
(주)에스티오,098660,2012/12,-4.32,3.83,20.65,6.92,1.13
(주)에스티큐브,052020,2012/12,56.6,3.04,17.87,-8.93,0.7
(주)에스폴리텍,050760,2012/12,-9.14,4.43,14.31,13.73,0.94
(주)에스피지,058610,2012/12,4.2,1.63,13.13,9.51,0.85
(주)에쎈테크,043340,2012/12,-17.71,-7.33,11.97,-0.1,0.96
(주)에이디칩스,054630,2012/12,-9.28,-10.73,18.55,-12.35,1.35
(주)에이루트,096690,2012/12,-6.58,9.99,18.22,98.16,0.73
(주)에이스침대,003800,2012/12,-5.01,19.42,20.25,95.96,0.59
(주)에이스테크놀로지,088800,2012/12,21.94,-1.32,8.03,-3.83,0.62
(주)에이치비테크놀러지,078150,2012/12,-33.78,-30.72,-5.35,15.42,0.62
(주)에이치알에스,036640,2012/12,1.67,6.06,18.86,58.11,0.81
(주)에이치케이,044780,2012/12,3.19,10.51,21.49,7.25,1.1
(주)에이텍,045660,2012/12,6.23,6.35,21,43.27,1.54
(주)에이티세미콘,089530,2012/12,-4.75,0.45,41.71,49.76,0.54
(주)에이프로젠헬스케어앤게임즈,109960,2012/12,-16.34,-3.63,21.43,-12.27,1.25
(주)에이피에스,054620,2012/12,-3.8,6.24,20.69,24.2,0.9
(주)에코프로,086520,2012/12,-8.97,0.8,15.01,6.54,0.47
(주)에프알텍,073540,2012/12,489.09,11.52,32.97,35.53,2.22
(주)에프에스티,036810,2012/12,42.38,1.77,18.61,3.18,0.76
(주)엑사이엔씨,054940,2012/12,-34.28,-7.27,25.61,10.73,1.06
(주)엑서지21,043090,2012/12,16.72,-27.58,-0.94,-4.08,0.74
(주)엔에이치엔벅스,104200,2012/12,6.2,-7.42,18.54,19.85,0.83
(주)엔이능률,053290,2012/12,8.67,-0.3,38.64,42.62,0.95
(주)엔터파트너즈,058450,2012/12,-11.41,-13.46,1.72,-16.42,1.43
(주)엔텔스,069410,2012/12,17.42,12.44,38.77,40.78,1.22
(주)엔피케이,048830,2012/12,-9.21,1.93,28.95,9.14,1.42
(주)엘디티,096870,2012/12,-1.89,5.33,14.93,100.14,1.11
(주)엘아이에스,138690,2012/12,-67.79,-68.95,-15.01,-33.35,0.41
(주)엘앤에프,066970,2012/12,-2.15,-0.42,17.43,11.17,1.69
(주)엘엠에스,073110,2012/12,-14.24,13.93,16.35,20.09,0.51
(주)엘오티베큠,083310,2012/12,7.34,6.3,27.32,31.93,1.11
(주)엠게임,058630,2012/12,-3.14,-0.55,1.34,13.19,0.36
(주)엠디에스테크,086960,2012/12,3.97,14.81,26.21,33.67,0.81
(주)엠에스씨,009780,2012/12,2.06,3.05,27.11,11.28,0.98
(주)엠에스오토텍,123040,2012/12,16.89,5.62,16.26,-6.65,0.58
(주)엠젠솔루션,032790,2012/12,-38.14,-33,-32.06,-13.9,1.2
(주)엠투엔,033310,2012/12,-21.14,11.49,22.75,14.78,0.67
(주)예림당,036000,2012/12,-10.77,20.97,29.52,68.01,0.58
(주)오공,045060,2012/12,-6.56,3.34,14.01,9.02,0.65
(주)오디텍,080520,2012/12,13.04,10.06,24.22,96.52,0.95
(주)오르비텍,046120,2012/12,11.56,1.88,73.48,28.88,1.08
(주)오리엔탈정공,014940,2012/12,-36.48,-83.35,-71.94,-2.99,0.86
(주)오리엔트정공,065500,2012/12,32.19,0.75,15.87,-25.61,0.91
(주)오리콤,010470,2012/12,10.47,4.34,25.84,2.82,0.99
(주)오스코텍,039200,2012/12,-12.52,-85.77,-10.54,0.03,0.35
(주)오스템,031510,2012/12,11.47,4.06,21.32,7.66,0.92
(주)오텍,067170,2012/12,30.85,0.79,7.74,2.85,0.9
(주)오픈베이스,049480,2012/12,-14.46,4.96,14.36,19.99,0.76
(주)옵투스제약,131030,2012/12,,,,,
(주)옵트론텍,082210,2012/12,65.88,11.86,23.18,21.79,0.79
(주)와이비엠넷,057030,2012/12,-6.86,3.55,26.34,21.11,1.1
(주)와이솔,122990,2012/12,2.32,13.66,27.61,16.9,0.84
(주)와이어블,065530,2012/12,23.17,7.22,22.78,26.82,0.74
(주)와이엔텍,067900,2012/12,7.12,8.95,19.18,19.68,0.46
(주)와이엠,007530,2012/12,7.08,0.44,18.37,-0.9,1.19
(주)와이오엠,066430,2012/06,-20.9,-293.5,-104.38,-127.92,0.23
(주)와이지-원,019210,2012/12,-0.49,7.27,18.93,0.82,0.57
(주)와이지엔터테인먼트,122870,2012/12,59.44,17.16,29.3,72.42,1
(주)와이티엔,040300,2012/12,-0.49,3.98,21.33,11.89,0.36
(주)우리기술,032820,2012/12,-15.06,-36.45,-0.45,3.92,0.25
(주)우리넷,115440,2012/12,18.12,9.91,26.92,55.98,1.1
(주)우리로,046970,2012/12,-26.89,13.1,24.37,65.79,0.47
(주)우주일렉트로닉스,065680,2012/12,24.18,4.4,22.91,46.36,0.97
(주)원익,032940,2012/12,-7.99,-15.27,1.37,-0.33,0.6
(주)원익머트리얼즈,104830,2012/12,22.28,18.11,25.56,107.11,0.78
(주)원익큐브,014190,2012/12,-1.44,-0.35,11.49,2.76,1.78
(주)원익큐엔씨,074600,2012/12,4.01,9.91,23.55,24.33,0.63
(주)원익홀딩스,030530,2012/12,-4.65,1.88,16.19,-3.77,0.66
(주)원일특강,012620,2012/12,-4.25,2.8,12.63,-0.31,1.43
(주)원풍,008370,2012/12,-2.42,4.03,23.18,42.89,1.33
(주)월덱스,101160,2012/12,-20.06,2.51,15.11,17.01,0.42
(주)웨스트라이즈,064090,2012/12,-15.54,-8.36,13.94,-13.67,1.13
(주)웨이브일렉트로닉스,095270,2012/12,8.46,-6.27,6.85,9.57,0.56
(주)웰크론,065950,2012/12,-1.01,-3.04,10.71,13.39,0.59
(주)웰크론한텍,076080,2012/12,95.27,8.53,16.07,51.18,0.9
(주)웹젠,069080,2012/12,-3.54,-1.89,12.06,74.02,0.26
(주)위닉스,044340,2012/12,4.97,3.23,26.37,20.49,1.58
(주)위메이드,112040,2012/12,9.1,9.67,16.02,131.89,0.29
(주)위메이드맥스,101730,2012/12,-30.34,-56.25,1.82,15.74,0.15
(주)위메이드플레이,123420,2012/12,,,,,
(주)위지트,036090,2012/12,18.44,7.75,32.32,-0.85,0.83
(주)윈스,136540,2012/12,0,20.26,45.42,150.21,0.96
(주)유니크,011320,2012/12,7.49,5.21,33.32,9.41,1.43
(주)유니테스트,086390,2012/12,-14.94,4.96,21.54,20.4,0.64
(주)유라테크,048430,2012/12,35.3,9.09,35.84,30.23,1.45
(주)유비케어,032620,2012/12,17.26,2.41,28.16,33.25,1.1
(주)유비쿼스홀딩스,078070,2012/12,1.18,21.85,18.14,67.88,0.47
(주)유성티엔에스,024800,2012/12,-1.63,-0.69,10.96,3.2,1.17
(주)유신,054930,2012/12,-16.6,-3.86,61.73,-3.92,1.06
(주)유아이디,069330,2012/12,-0.11,21.46,45.76,56.57,1.08
(주)유진로봇,056080,2012/12,-3.07,-13.67,8.44,-16.34,0.66
(주)유진테크,084370,2012/12,28.63,30.35,47.1,133.6,1.13
(주)율호,072770,2012/12,-16.71,12.43,21.5,30.99,0.31
(주)이건홀딩스,039020,2012/12,9.94,-0.15,11.11,-1.74,0.58
(주)이글루코퍼레이션,067920,2012/12,29.56,7.88,33.3,13.87,0.87
(주)이글벳,044960,2012/12,-5.52,4.59,16.25,1.31,0.72
(주)이노와이어리스,073490,2012/12,8.03,17.16,17.44,134.36,0.74
(주)이녹스,088390,2012/12,23.29,8.81,27.03,17.13,1.03
(주)이라이콤,041520,2012/12,9.13,5.54,19.85,8.83,2.36
(주)이랜텍,054210,2012/12,19.37,1.21,11.29,-12.44,1.88
(주)이루온,065440,2012/12,-44.71,-24.22,2.72,16.05,0.37
(주)이미지스테크놀로지,115610,2012/12,-2.41,1.53,11.22,17.08,0.47
(주)이브이첨단소재,131400,2012/12,-7.39,2.3,18.5,20.33,1.24
(주)이상네트웍스,080010,2012/12,-31.66,6.44,11.09,120.46,0.55
(주)이수앱지스,086890,2012/12,8.91,-114.18,0.19,-25.13,0.21
(주)이스트소프트,047560,2012/12,-13.85,-3.45,20.11,8.18,0.33
(주)이엔에프테크놀로지,102710,2012/12,41.82,7.68,28.43,31.14,1.71
(주)이엔코퍼레이션,066980,2012/12,-12.29,-24.48,-7.9,-22.93,0.8
(주)이엠넷,123570,2012/12,17.19,15.34,12.22,25.03,0.63
(주)이엠앤아이,083470,2012/12,-11.8,3.25,19.91,1.93,1.04
(주)이엠텍,091120,2012/12,152.55,6.46,33.27,26.02,2.73
(주)이오테크닉스,039030,2012/12,38.36,12.95,15.1,-2.65,0.75
(주)이지,037370,2012/12,43.47,9.12,17.32,34.79,0.89
(주)이지홀딩스,035810,2012/12,33.53,11.35,11.71,2.3,0.43
(주)이크레더블,092130,2012/09,4.02,30.85,22.28,185.82,0.65
(주)이퓨쳐,134060,2012/12,-4.36,0.56,17.03,21.45,0.39
(주)인바디,041830,2012/12,-2.49,18.61,21.37,877.74,0.53
(주)인성정보,033230,2012/12,22.61,1.88,14.42,-3.96,1.29
(주)인지디스플레이,037330,2012/12,-44.04,14.82,27.75,61.54,0.68
(주)인지소프트,100030,2012/12,0.34,19.35,29.02,174.06,0.36
(주)인콘,083640,2012/12,36.25,8.97,27.42,40.1,1.03
(주)인터로조,119610,2012/12,22.79,28.79,31.51,46.05,0.57
(주)인터플렉스,051370,2012/12,47.83,7.11,16.6,1.89,1.12
(주)인텍플러스,064290,2012/12,-7.11,11.48,24.99,20.99,0.59
(주)인트론바이오테크놀로지,048530,2012/12,-4.43,-14.49,18.33,-1.01,0.41
(주)인포바인,115310,2012/12,7.16,60.19,31.11,345.05,0.38
(주)인피니트헬스케어,071200,2012/12,-7.49,-12,16.79,33.37,0.63
(주)일신바이오베이스,068330,2012/12,35.59,12.67,15.85,11.83,0.45
(주)일지테크,019540,2012/12,45.81,16.45,35.06,10.91,0.91
(주)일진파워,094820,2012/12,6.43,0.39,28.4,-4.07,1.24
(주)잉크테크,049550,2012/12,42.4,2.41,20.75,-5.33,0.81
(주)자연과환경,043910,2012/12,25.1,-15.18,3.53,-14.12,0.6
(주)정상제이엘에스,040420,2012/12,-8.19,11.36,35.92,104.5,1.15
(주)정원엔시스,045510,2012/12,-22.91,0.41,15.65,5.16,2.05
(주)제넥신,095700,2012/12,134.91,-35.79,6.54,-8.06,0.12
(주)제넨바이오,072520,2012/12,41.87,-0.54,20.49,15.41,1.65
(주)제닉,123330,2012/12,-18.43,7.14,27.76,146.2,1.45
(주)제우스,079370,2012/12,-50.48,2.1,19.92,32.79,0.79
(주)제이브이엠,054950,2012/12,3.09,7.76,19.08,-6.5,0.44
(주)제이스텍,090470,2012/12,-21.35,11.75,33.06,33.43,0.89
(주)제이에스티나,026040,2012/12,28.39,5.99,29.39,9.1,1.33
(주)제이와이피엔터테인먼트,035900,2012/12,0,-63.43,-21.88,-37.63,0.52
(주)제이티,089790,2012/12,6.55,1.85,40.75,38.32,1.96
(주)제일바이오,052670,2012/12,44.03,2.78,19.19,-8.84,1.72
(주)제일테크노스,038010,2012/12,11.84,0.86,22.54,10.3,1.39
(주)제주반도체,080220,2012/12,-65.1,-35.75,-12.28,254.28,0.49
(주)젬백스&카엘,082270,2012/12,32.77,14.11,9.19,13.02,0.27
(주)젬백스링크,064800,2012/12,-18.89,-3.14,29.45,5.87,0.63
(주)조이시티,067000,2012/12,53.33,11.47,31.56,88.6,0.75
(주)좋은사람들,033340,2012/12,6.79,2.07,26.7,-8.19,1.17
(주)중앙백신연구소,072020,2012/12,23.57,22.69,20.96,75.38,0.41
(주)중앙에너비스,000440,2012/09,-7.13,1.76,16.42,13.23,1.82
(주)중앙첨단소재,051980,2012/12,15.35,6.55,11.01,-30.08,0.68
(주)지니뮤직,043610,2012/12,-3.79,-6.62,-3.54,4.49,0.65
(주)지어소프트,051160,2012/12,-46.4,-3.6,38,-14.59,0.75
(주)지에스이,053050,2012/12,15.84,3.26,11.82,13.55,1.01
(주)지엔코,065060,2012/12,7.59,6.95,12.93,17.99,0.84
(주)진로발효,018120,2012/12,6.24,19.18,41.75,89.82,0.89
(주)진매트릭스,109820,2012/12,-2.56,-36.81,-0.51,-16.28,0.29
(주)진바이오텍,086060,2012/12,49.03,1.86,10.6,1.69,0.88
(주)진성티이씨,036890,2012/12,-3.72,3.53,9.76,-1.02,0.68
(주)차바이오텍,085660,2012/12,36.97,2.62,5.22,22.46,0.39
(주)초록뱀미디어,047820,2012/12,72.92,5.36,100.7,-213.28,1.04
(주)카스,016920,2012/12,6.16,0.6,18.55,2.32,1
(주)캠시스,050110,2012/12,29.2,-0.59,4.3,-23.82,1.54
(주)커넥트웨이브,119860,2012/12,17.57,23.35,24.37,100.78,0.5
(주)컴투스,078340,2012/12,90.39,34.56,36.68,170.49,0.67
(주)컴투스홀딩스,063080,2012/12,40.15,38.08,33.88,207.39,0.62
(주)케스피온,079190,2012/12,-17.66,-13.91,7.43,-8.46,0.44
(주)케이바이오컴퍼니,038530,2012/12,-6.64,2.43,16.6,-20.15,0.37
(주)케이씨씨건설,021320,2012/12,8.74,0.54,9.89,-5.14,1.14
(주)케이씨아이,036670,2012/12,11.87,6.27,16.96,5.32,0.57
(주)케이씨에스,115500,2012/12,46.74,7.31,21.3,71.37,1.17
(주)케이씨티,089150,2012/12,39.15,7.63,18.46,46.66,1.12
(주)케이씨피드,025880,2012/12,18.8,4.71,11.17,-1.8,1.06
(주)케이아이엔엑스,093320,2012/12,28.01,13.33,38.56,249.33,0.75
(주)케이알엠,093640,2012/12,12.91,1.86,39.42,-2.05,2.34
(주)케이에스피,073010,2012/12,-16.71,0.81,9.09,-19.99,0.59
(주)케이에이치바텍,060720,2012/12,-13.33,3.28,13.86,31.79,0.85
(주)케이엑스이노베이션,122450,2012/12,56.66,21.15,20.97,73.61,0.66
(주)케이엑스하이텍,052900,2012/12,13.2,-1.59,16.32,14.59,1.02
(주)케이엔더블유,105330,2012/12,-44.2,-9.47,6.07,7.65,0.53
(주)케이엔엔,058400,2012/12,1.72,45.47,28.42,40.05,0.33
(주)케이엘넷,039420,2012/12,-8.2,-1.48,25.68,61.85,0.88
(주)케이엠,083550,2012/12,16.09,1.53,14.82,2.62,1.11
(주)케이엠더블유,032500,2012/12,115.45,9.87,29.96,7.42,1.21
(주)케이지모빌리언스,046440,2012/12,15.35,16.32,11.6,-2.69,0.49
(주)케이지이니시스,035600,2012/12,21.85,10.39,15.37,3.13,1
(주)케이티알파,036030,2012/12,-2.89,-8.31,17.1,-21.44,0.65
(주)케이프,064820,2012/12,-30.2,11.97,9.58,6.05,0.14
(주)케이피에프,024880,2012/12,12.22,3.94,13.22,-2.17,0.99
(주)케이피엠테크,042040,2012/12,-35.43,-39.28,-14.8,0.8,0.68
(주)케이피티유,054410,2012/12,6.18,1.3,8.35,5.02,0.33
(주)켐트로닉스,089010,2012/12,2.97,7.04,23.13,18.13,1.45
(주)코다코,046070,2012/12,8.91,1.69,19.96,2.34,1.13
(주)코데즈컴바인,047770,2012/12,-6.86,-8.01,17.82,-9.3,1
(주)코디,080530,2012/12,-36.21,-26.64,-1.15,-0.88,0.33
(주)코리아나화장품,027050,2012/12,-6.48,8.04,33.05,41.47,0.87
(주)코맥스,036690,2012/12,-4.6,7.49,22.72,28.15,1.1
(주)코메론,049430,2012/12,-1.83,13.9,13.12,56.07,0.49
(주)코미팜,041960,2012/12,12.94,1.3,9.49,-12.14,0.3
(주)코세스,089890,2012/12,4.57,8.26,44.76,16.77,1.6
(주)코센,009730,2012/12,-19.89,-12.26,1.18,-1.13,1.18
(주)코스나인,082660,2012/12,137.79,-6.28,4.63,-14.62,0.87
(주)코아시아,045970,2012/12,9.35,24.16,0.38,66.38,0.02
(주)코엔텍,029960,2012/12,19.75,25.41,24.92,123.62,0.43
(주)코이즈,121850,2012/12,29.03,19.71,38.85,62.96,0.89
(주)코콤,015710,2012/12,2.83,4.12,11.02,11.89,0.87
(주)코텍,052330,2012/12,1.56,10.63,21.45,89.95,0.95
(주)큐로컴,040350,2012/12,-13.55,7.99,4.65,6.01,0.11
(주)큐로홀딩스,051780,2012/12,-3.6,-26.53,0.3,-1.69,0.16
(주)큐에스아이,066310,2012/12,-1.66,7.99,18.59,79.04,0.59
(주)크레버스,096240,2012/12,-6.58,9.75,10.87,105.57,1.04
(주)크린앤사이언스,045520,2012/12,4.82,2.2,22.65,11.04,1.18
(주)클라우드에어,036170,2012/12,213.6,11.09,17,12.27,0.8
(주)키이스트,054780,2012/12,-8.59,13.92,19.63,34.77,0.84
(주)탑엔지니어링,065130,2012/12,-55.63,3.42,7.98,17.9,0.32
(주)태광,023160,2012/12,37.85,9.3,16.39,45.46,0.82
(주)태양,053620,2012/12,10.93,3.9,15.86,26.82,1.29
(주)태웅,044490,2012/12,-12.31,1.97,5.59,25.97,0.59
(주)테라젠이텍스,066700,2012/12,-25.96,-18.55,6.15,-15,0.55
(주)테스,095610,2012/12,-1.12,2.26,20.12,27.23,0.78
(주)테크엘,064520,2012/12,3.19,-3.51,13.18,12.6,2.07
(주)테크윙,089030,2012/12,-10.69,11.7,21.09,16.43,0.77
(주)텔레칩스,054450,2012/12,2.81,0.95,10.68,18.31,0.68
(주)텔레필드,091440,2012/12,1.85,3.36,14.51,40.4,0.7
(주)토비스,051360,2012/12,11.65,2.38,21.14,19.92,2.75
(주)토탈소프트뱅크,045340,2012/12,-3.95,-28.95,23.96,6.41,0.63
(주)톱텍,108230,2012/12,-26.17,6.07,14.63,-6.28,1
(주)투비소프트,079970,2012/12,24.83,11.02,77.97,61.09,1.23
(주)특수건설,026150,2012/12,28.06,1.04,43.24,-0.46,1.06
(주)티비씨,033830,2012/12,-2.18,12.08,22.93,152.75,0.36
(주)티사이언티픽,057680,2012/12,-9.61,-26.35,17.25,-25.32,0.46
(주)티씨케이,064760,2012/12,-17.89,13.95,24.28,91.92,0.56
(주)티에스넥스젠,043220,2012/12,-86.23,-204,-49.48,-25.58,0.33
(주)티에스이,131290,2012/12,-37.86,4.51,20.17,207.45,0.48
(주)티엔엔터테인먼트,131100,2012/12,-7.27,1.75,13.91,14.49,0.71
(주)티엘아이,062860,2012/12,23.07,-5.57,3.43,61.58,0.57
(주)티케이케미칼,104480,2012/12,-14.77,-3.34,10.04,-6.64,1.76
(주)티플랙스,081150,2012/12,-13.99,1.97,5.48,-1.04,0.98
(주)티피씨,130740,2012/12,2.24,8.34,18.42,30.94,0.89
(주)티피씨메카트로닉스,048770,2012/06,-12.66,3.99,29.13,13.64,1.1
(주)파라다이스,034230,2012/12,12.16,14.51,23.03,36.82,0.54
(주)파라텍,033540,2012/12,-19.99,0.17,37.94,18.44,1.08
(주)파루,043200,2012/12,89.76,-16.38,2.69,-18.66,0.91
(주)파세코,037070,2012/12,5.41,3.89,20.42,12.7,1.14
(주)파워로직스,047310,2012/12,-10.97,3.54,12.54,2.51,1.38
(주)파인디앤씨,049120,2012/12,-50.41,-11.18,8.89,0.82,0.61
(주)파인디지털,038950,2012/12,36.85,11.66,19.69,60.93,1.06
(주)파인테크닉스,106240,2012/12,31.97,0.34,17.57,-2.78,1.03
(주)파커스,065690,2012/12,8.31,3.03,15.11,-0.52,0.83
(주)파트론,091700,2012/12,117.13,8.7,28.51,31.57,2.37
(주)팜스토리,027710,2012/12,1.49,3.27,11.84,-2.36,1.38
(주)팬스타엔터프라이즈,054300,2012/12,-0.25,-8.57,9.48,4.89,1.12
(주)팬엔터테인먼트,068050,2012/12,18.51,0.35,8.33,-1.05,0.66
(주)포메탈,119500,2012/12,-23.42,8.75,20.84,23.25,0.91
(주)포스코디엑스,022100,2012/12,3.51,3.94,34.95,13.79,1.37
(주)포스코엠텍,009520,2012/12,2.68,2.38,25.26,3.13,1.88
(주)폴라리스오피스,041020,2012/12,39.99,17.97,36.09,92.24,0.45
(주)폴라리스우노,114630,2012/12,19.66,7.21,17.57,40.56,0.97
(주)푸드웰,005670,2012/12,10.56,1.83,17.48,4.52,0.86
(주)푸른기술,094940,2012/12,-5.36,10.57,25.29,26.94,0.92
(주)프럼파스트,035200,2012/12,12.94,3.08,16.98,1.91,1.1
(주)프로텍,053610,2012/12,43.23,18.82,31.85,117.96,0.92
(주)프리엠스,053160,2012/12,21.43,8.5,24.29,58.96,1.1
(주)플래스크,041590,2012/12,29.75,7.56,26.37,25.55,2.11
(주)플랜티넷,075130,2012/12,-3.53,39.08,-2.66,187.67,0.21
(주)플레이위드,023770,2012/12,0.43,-137.43,-4.69,-1.44,0.13
(주)피델릭스,032580,2012/12,10.55,2.53,20.24,35.05,1.64
(주)피씨디렉트,051380,2012/12,-0.02,0.76,17.54,14.49,5.42
(주)피에이치씨,057880,2012/12,-28.7,-32.1,-8.15,15.09,0.42
(주)피엔티,137400,2012/12,-28.43,10.17,15.46,14.49,0.83
(주)피엔풍년,024940,2012/12,6,1.23,28.44,2.71,1.48
(주)피제이메탈,128660,2012/12,-13.75,3.69,25.17,19.39,2.34
(주)피제이전자,006140,2012/12,8.83,8.58,25.03,28.76,1.18
(주)하림,136480,2012/12,0,0.64,19.96,-8.22,1.38
(주)하이드로리튬,101670,2012/12,-11.86,12.66,4.78,15.65,0.47
(주)하이비젼시스템,126700,2012/12,0,17.73,28.48,11.07,1.14
(주)하이소닉,106080,2012/12,-2.68,7.72,23.22,43.75,1.07
(주)하이텍팜,106190,2012/12,-22.23,14.28,15.14,181.38,0.64
(주)하츠,066130,2012/12,7.07,-4.29,9.2,24.76,0.89
(주)한국가구,004590,2012/12,-11.09,12.48,6.1,2.62,0.14
(주)한국경제티브이,039340,2012/12,-3.44,7.6,8.46,78.43,0.92
(주)한국큐빅,021650,2012/12,-15.9,15.95,19.42,135.55,0.39
(주)한국테크놀로지,053590,2012/12,10.08,-155.36,-9.94,11.85,0.13
(주)한국팩키지,037230,2012/12,-13.91,1.19,19.19,27.32,0.97
(주)한글과컴퓨터,030520,2012/12,15.03,18,26.11,228.39,0.49
(주)한네트,052600,2012/12,-12.56,1.91,23.32,32.26,0.56
(주)한빛소프트,047080,2012/12,-10.88,-7.55,27.91,-4.9,0.65
(주)한일진공,123840,2012/12,,,,,
(주)한컴위드,054920,2012/12,-16.19,1.3,6.32,4.1,0.28
(주)한탑,002680,2012/12,-0.45,3.72,8.97,0.18,0.67
(주)헬릭스미스,084990,2012/12,2.18,-119.23,-3.06,-81.52,0.06
(주)현대바이오랜드,052260,2012/12,7.19,14.16,24.82,29.09,0.53
(주)현대에버다임,041440,2012/12,27.64,6.18,19.5,7.48,1.16
(주)형지아이앤씨,011080,2012/12,-2.6,-16.27,-9.09,-7.24,1.44
(주)홈센타홀딩스,060560,2012/12,-8.13,4.58,12.07,-9.26,0.62
(주)홈캐스트,064240,2012/12,-40.23,-1.93,2.94,31.97,1.12
(주)화신정공,126640,2012/12,68.92,3.35,16.73,18.14,1.73
(주)휴림에이텍,078590,2012/12,-7.85,2.38,31.45,8.72,2.11
(주)휴맥스,115160,2012/12,1.27,1.07,10.75,5.7,1.26
(주)휴맥스홀딩스,028080,2012/12,0.41,108.58,1.14,207.14,0.02
(주)휴비츠,065510,2012/12,11.8,15.23,28.95,56.95,0.9
(주)휴온스글로벌,084110,2012/12,7.9,5.2,23.92,24.02,0.78
(주)흥국,010240,2012/12,-11.75,3.62,16.92,22.42,0.97
(주)희림종합건축사사무소,037440,2012/12,7.63,0.71,50.1,-11.03,1.19
KB오토시스(주),024120,2012/12,7.38,5.11,26.26,11.6,1.16
KD(주),044180,2012/12,-18.79,-172.93,-100.52,5.5,0.46
가온그룹(주),078890,2012/12,57.44,2.86,14.12,-7.16,1.46
감성코퍼레이션(주),036620,2012/12,-49.05,-14.64,1.1,-14.68,0.18
갤럭시아머니트리(주),094480,2012/12,-4.78,1.24,11.8,-20.63,0.42
경남스틸(주),039240,2012/12,-7.32,2.02,14.47,6.57,2.61
경남제약(주),053950,2012/12,-9.25,0.01,16.28,10.72,0.5
경동제약(주),011040,2012/12,-3.75,6.49,26.21,72.62,0.66
경창산업(주),024910,2012/12,4.88,2.34,26.36,17.83,1.08
고려신용정보(주),049720,2012/12,1.79,1.24,146.93,26.26,4.38
고려제약(주),014570,2012/12,-5.68,3.43,20.24,18.79,0.66
광진실업(주),026910,2012/12,-5.3,1.59,18.3,12.54,1.31
국일제지(주),078130,2012/12,-1.36,-10.11,5.09,3.83,0.64
그린생명과학(주),114450,2012/12,-1.76,4.48,14.46,30.44,0.74
글로벌에스엠테크리미티드,900070,2012/12,,,,,
글로본(주),019660,2012/03,,,,,
금강철강(주),053260,2012/12,-11.38,2.84,11.7,23.52,2.06
나노캠텍(주),091970,2012/12,15.1,2.56,11.71,5.52,0.9
나라엠앤디(주),051490,2012/12,10.25,4.5,22.09,14.4,0.9
나이스정보통신(주),036800,2012/12,18.61,5.89,24.63,24.94,1.35
남화토건(주),091590,2012/12,-0.58,5.52,12.26,13.07,0.78
대동금속(주),020400,2012/12,-9.66,0.37,22.99,4.19,1.15
대동기어(주),008830,2012/12,-13,-2.51,12.93,-1.03,0.99
대봉엘에스(주),078140,2012/12,12.1,6.18,13.31,8.12,0.99
대아티아이(주),045390,2012/12,-18.31,5.51,17.39,29.32,0.55
대양전기공업(주),108380,2012/12,27.84,10.17,23.26,32.94,0.89
대양제지공업(주),006580,2012/12,-15.04,7.25,17.52,17.63,0.86
대원미디어(주),048910,2012/12,-23.25,2.52,13.54,7.12,0.45
대원산업(주),005710,2012/12,11.56,4.93,29.93,27.23,2.24
대정화금(주),120240,2012/12,-1.53,6.6,16.5,51.04,0.8
대주산업(주),003310,2012/12,0.5,-0.14,6.94,-6.79,1.07
대주전자재료(주),078600,2012/12,-23.66,7.82,18.07,12.69,0.8
대한광통신(주),010170,2012/12,52.47,-4.4,8.87,9.07,0.51
대한그린파워(주),060900,2012/12,-10.87,-21.3,-5.45,12.31,0.65
대한뉴팜(주),054670,2012/12,7.83,-11.52,22.3,3.13,0.38
대한약품공업(주),023910,2012/12,13.31,7.53,36.09,16.26,1.01
대화제약(주),067080,2012/12,-2.99,3.79,20.19,17,0.54
더라미(주),032860,2012/12,10.42,-7.66,-2.66,-16.76,1.64
더이앤엠(주),089230,2012/12,18.92,-3.38,8.52,-2.4,0.57
덕산하이메탈(주),077360,2012/12,11.12,29.15,35.51,275.29,0.82
도이치모터스(주),067990,2012/12,15.22,0.86,25.96,-0.96,3.21
동국산업(주),005160,2012/12,-7.17,1.88,6.64,8.63,0.63
동국제약(주),086450,2012/12,12.45,12.38,33.51,35.22,0.97
동신건설(주),025950,2012/12,-8.9,5.59,9.64,-24.24,0.51
동아화성(주),041930,2012/12,1.39,4.5,22.02,11.54,1.33
동양이엔피(주),079960,2012/12,13.51,5.4,21.15,54.14,2.24
동일금속(주),109860,2012/12,8.07,14.92,21.12,80.78,1.1
동일철강(주),023790,2012/12,-20.51,-5.76,5.69,14.19,0.95
동화기업(주),025900,2012/12,111.23,3.45,2.06,-1.99,0.06
디와이피엔에프(주),104460,2012/12,4.74,6.02,15.06,17.38,0.71
디젠스(주),113810,2012/12,-8,1.92,29.02,3.13,1.27
디케이락(주),105740,2012/12,-6.95,16.06,22.87,25.93,0.63
라온시큐어(주),042510,2012/12,57.19,17.59,28,-11.44,0.54
로체시스템즈(주),071280,2012/12,-28.43,1.65,19.34,26.08,0.75
리노공업(주),058470,2012/12,13.89,33.05,38.47,266.53,0.62
매일홀딩스(주),005990,2012/12,11.43,1.54,26.87,12.38,1.75
메가스터디(주),072870,2012/12,-13.83,21.25,21.47,82.43,0.55
메디앙스(주),014100,2012/12,-2.64,0.4,17.39,-2.56,2.04
메디포스트(주),078160,2012/12,11.27,7.67,2.95,-22.06,0.22
무림에스피(주),001810,2012/12,-3.37,6.57,14.22,14.05,0.61
미래나노텍(주),095500,2012/12,17.53,6.68,21.41,26.51,1.03
바이온(주),032980,2012/06,-19.53,0.81,18.98,-37.09,0.6
베뉴지(주),019010,2012/12,-19.97,-24.05,-2.41,-7.28,0.2
보성파워텍(주),006910,2012/12,40.18,1.02,13.94,-6.68,1.18
비에이치아이(주),083650,2012/12,109.57,5.18,13.34,-10.89,1.05
빛샘전자(주),072950,2012/12,-3.02,9.63,22.87,78.31,0.86
삼륭물산(주),014970,2012/12,16.56,8.01,12.79,12.22,0.53
삼목에스폼(주),018310,2012/12,14.72,3.42,21.93,45.88,1.05
삼보모터스(주),053700,2012/12,17.98,1.7,24.25,12.7,1.53
삼보산업(주),009620,2012/12,-1.94,0.8,11.85,2.85,2.14
삼아제약(주),009300,2012/12,-0.5,21.12,17.69,52.15,0.4
삼영엠텍(주),054540,2012/12,-1.36,9.19,18.83,29.76,0.91
삼영이엔씨(주),065570,2012/12,-1.34,17.62,24.35,44.62,0.64
삼지전자(주),037460,2012/12,13.22,5.41,12.87,2.02,0.8
삼천당제약(주),000250,2012/12,-1.18,1.75,23.14,35.66,0.76
삼천리자전거(주),024950,2012/12,21.38,7.03,21.27,14.17,1.19
삼현철강(주),017480,2012/12,16.47,3.43,12.23,25,1.49
상신이디피(주),091580,2012/12,-12.05,2.1,23.34,17.99,1.13
서암기계공업(주),100660,2012/12,-11.24,13.36,26.43,90.65,0.67
서울반도체(주),046890,2012/12,15.66,1.06,11.9,8.09,0.98
서울전자통신(주),027040,2012/12,-16.42,-113.15,-11.84,8.2,0.15
서호전기(주),065710,2012/12,14.99,3.48,10.89,67.31,0.5
성우전자(주),081580,2012/12,3.44,3.97,12.96,21.96,1.1
성우테크론(주),045300,2012/12,6.47,0.9,24.8,5.45,0.45
성호전자(주),043260,2012/12,-22.39,0.82,5.28,7.16,0.77
세명전기공업(주),017510,2012/12,-3.9,20.98,11.77,35.03,0.29
세종텔레콤(주),036630,2012/12,-26.45,-2.33,17.12,-2.73,1.21
소니드(주),060230,2012/12,21.09,6.61,25.18,-2.27,0.91
솔브레인홀딩스(주),036830,2012/12,27.77,10.44,35.49,52.88,1.31
시그네틱스(주),033170,2012/12,11.95,5.12,22.4,47.83,1.15
신라섬유(주),001000,2012/12,-21.19,13.95,5.15,0.12,0.17
신라에스지(주),025870,2012/12,57.05,0.92,21.43,-7.46,1.58
신성델타테크(주),065350,2012/12,-13.04,3.68,18.01,3.11,0.77
신원종합개발(주),017000,2012/12,-31.46,2.37,8.08,-27.84,0.69
신일제약(주),012790,2012/12,18.33,11.13,30.73,88.13,0.65
신화인터텍(주),056700,2012/12,-13.5,-3.37,14.63,29.4,0.91
쌍용정보통신(주),010280,2012/12,-12.98,2.38,26.67,-0.92,1.72
씨비아이(주),013720,2012/12,-3.01,7.24,26.48,17.2,0.8
씨앤티85(주),056730,2012/12,-56.36,-19.63,1.16,12.92,0.37
씨제이프레시웨이(주),051500,2012/12,16.42,0.53,16.16,4.54,3.45
씨지인바이츠(주),083790,2012/12,7.76,-315.59,-13.84,-20.48,0.06
씨큐브(주),101240,2012/12,13.07,8.27,22.08,10.49,0.53
아비코전자(주),036010,2012/12,-5.71,-8.81,5.9,9.96,0.54
아이크래프트(주),052460,2012/12,23.45,6.5,31.12,86,1.54
아이텍(주),119830,2012/12,-9.84,-8.72,29.91,20.98,0.4
안국약품(주),001540,2012/12,8.03,3.06,19.2,4.04,0.81
알서포트(주),131370,2012/12,,,,,
애머릿지코퍼레이션,900100,2012/12,-20.2,-9.64,1.58,-3.47,1.4
어보브반도체(주),102120,2012/12,14.84,6.24,13.49,37.32,0.87
에스넷시스템(주),038680,2012/12,-26.03,2.96,19.47,10.87,1.08
에스디엔(주),099220,2012/12,-80.04,-76.87,-9.37,13.05,0.2
에스비더블유생명과학(주),151910,2012/12,124.36,5.55,17.17,0.42,1.4
에스씨아이평가정보(주),036120,2012/12,-9.91,0.86,83.33,36.79,2.14
에스엔유프리시젼(주),080000,2012/12,-42.88,-59.33,-5.39,-1.33,0.31
에스엔케이폴리텍(주),091340,2012/12,-9.93,0.15,10.98,25.96,0.3
에스유홀딩스(주),031860,2012/12,-54.05,-96.96,-6.82,-27.75,0.12
에스지씨이테크건설(주),016250,2012/12,3.77,1.27,15.51,6.28,1.8
에스지에이(주),049470,2012/12,-20.78,-5.8,2.33,-9.77,0.73
에스텍(주),069510,2012/12,-3.19,4.91,28.73,29.58,1.81
에이치엘비(주),028300,2012/12,-6.53,-18.37,9.33,-27.64,0.53
에이치엘비생명과학(주),067630,2012/12,-78.03,-94.48,-4.31,32.15,0.17
에이치엘비이노베이션(주),024850,2012/12,-9.32,-8.4,12.63,16.21,1.05
에이치엘비테라퓨틱스(주),115450,2012/12,-50.76,-123.76,0.7,-8.64,0.15
에이치엘비파나진(주),046210,2012/12,-29.68,-25.64,-7.45,3.65,0.85
에이테크솔루션(주),071670,2012/12,0.96,-2.58,14.31,-3.2,1.06
에코바이오홀딩스(주),038870,2012/12,86.43,34.77,13.84,4.74,0.19
에코볼트(주),097780,2012/12,-4.65,5.83,25.66,33.12,2.67
에코플라스틱(주),038110,2012/12,-0.57,0.59,31.36,23.66,2.35
엑스큐어(주),070300,2012/12,-49.94,-4.04,15.05,92.44,0.52
엔시트론(주),101400,2012/12,3.57,3.07,24.47,36.08,1.12
엔에이치엔케이씨피(주),060250,2012/12,16.87,3.65,23.62,14.6,2.04
엘비세미콘(주),061970,2012/12,52.96,8.97,23.11,9.9,0.72
엘에스마린솔루션(주),060370,2012/12,-38.18,11.54,23.57,37.29,0.58
엘컴텍(주),037950,2012/12,-34.99,-85.2,-43.86,-4.94,0.61
엠케이전자(주),033160,2012/12,-10.89,0.98,13.61,21.17,2.63
영풍정밀(주),036560,2012/12,1.25,10.9,9.31,7.05,0.38
예스이십사(주),053280,2012/12,-4.29,2.15,18.76,13.06,2.6
오로라월드(주),039830,2012/12,3.45,5.81,9.45,8.05,0.58
오상자이엘(주),053980,2012/12,11.34,4.2,10.83,9.28,0.73
오성첨단소재(주),052420,2012/12,-9.59,-112.87,-24.57,-3.45,0.32
옴니시스템(주),057540,2012/12,-14.97,-21.81,-8.72,-3.04,0.44
옵티시스(주),109080,2012/12,-4.16,19.36,25.4,53.68,0.61
와이더블유(주),051390,2012/12,45.92,6.92,6.99,46.45,0.78
와이엠씨(주),155650,2012/12,0,16.04,32.09,59.58,0.97
와토스코리아(주),079000,2012/12,2.58,18.02,12.77,92.03,0.32
우리바이오(주),082850,2012/12,-79.45,-60,-17.08,444.57,0.2
우리산업홀딩스(주),072470,2012/12,15.33,1.53,21.57,0.48,1.31
우리엔터프라이즈(주),037400,2012/12,-14.91,3.9,3.24,6.07,0.24
우림피티에스(주),101170,2012/12,-24.7,9.73,17.14,67.34,0.56
우수AMS(주),066590,2012/12,-1.59,0.36,12.78,1.59,1.33
우원개발(주),046940,2012/12,34.53,0.76,46.44,-3.46,1.57
우진비앤지(주),018620,2012/12,17.79,6,26.31,18.72,0.82
원풍물산(주),008290,2012/12,3.23,0.98,11.8,-0.24,0.9
웰킵스하이텍(주),043590,2012/12,-14.92,4.01,26.57,22.7,1.1
위즈코프(주),038620,2012/12,-7.48,5.36,4.75,-38.29,0.31
유니셈(주),036200,2012/12,-2.81,1.34,18.82,5.34,0.83
유니슨(주),018000,2012/12,68.73,2.12,8.62,-5.89,0.34
유비벨록스(주),089850,2012/12,-11.14,8.25,26.55,20.69,0.85
유아이엘(주),049520,2012/12,18.53,7.8,19.82,-5.54,0.73
유진기업(주),023410,2012/12,-6.52,4.38,18.07,-5.18,0.4
이니텍(주),053350,2012/12,28.26,6.19,19.79,28.45,0.51
이스트아시아홀딩스인베스트먼트리미티드,900110,2012/12,,,,,
이엠코리아(주),095190,2012/12,7.47,4.47,18.86,8.37,0.68
이원컴포텍(주),088290,2012/12,-9.69,0.24,25.52,22.13,1.17
이트론(주),096040,2012/12,-43.01,-42.28,10.6,-58.4,0.18
이화공영(주),001840,2012/12,46.18,1,17.49,3.58,1.92
이화전기공업(주),024810,2012/12,-26.17,-28.13,1.23,3.95,0.44
인베니아(주),079950,2012/12,-80.62,-89.63,-4.09,-10.28,0.25
인선이엔티(주),060150,2012/12,-0.34,-7.46,5.95,8.25,0.29
인탑스(주),049070,2012/12,35.55,7.32,12.35,9.86,1.37
인포뱅크(주),039290,2012/12,25.02,18.8,36.45,24.79,1.28
인화정공(주),101930,2012/12,-19.74,7.5,8.56,16.78,0.39
재영솔루텍(주),049630,2012/12,9.37,-11.15,6.72,2.08,0.69
제룡산업(주),147830,2012/12,0,9.9,22.67,36.84,0.88
제룡전기(주),033100,2012/12,26.14,2.08,17.59,3.43,0.93
제이더블유신약(주),067290,2012/12,-1.21,3.69,22.37,2.95,0.68
제이스코홀딩스(주),023440,2012/12,6.74,-10.24,0.44,-6.76,0.08
제이씨케미칼(주),137950,2012/12,-17.44,2.84,11.17,39.95,1.45
제이씨현시스템(주),033320,2012/12,-6.57,-1.58,9.27,1.07,1.59
제이엔케이히터(주),126880,2012/12,8.62,7.8,11.45,-26.51,0.83
제이엠아이(주),033050,2012/12,-18.4,-91.12,-20.39,-12.35,0.25
제이엠티(주),094970,2012/12,61.95,-0.2,24.03,21.65,1.93
조광아이엘아이(주),044060,2012/12,24.73,-2.61,14.84,18.66,0.54
조아제약(주),034940,2012/12,5.42,3.14,24.88,18.78,0.65
주성엔지니어링(주),036930,2012/12,-74.79,-149.14,-14.08,-13.21,0.17
지더블유바이텍(주),036180,2012/12,-2.73,-14.83,11.96,-13.59,0.85
진양제약(주),007370,2012/12,2.43,6.8,22.27,40.69,0.54
참좋은여행(주),094850,2012/12,13.05,14.15,28.03,3.21,0.76
케이비아이메탈(주),024840,2012/12,21.53,-0.65,11.52,-8.31,3.39
케이에이치전자(주),111870,2012/12,-7.27,9.66,15.51,55.7,0.82
코나아이(주),052400,2012/12,6.65,12.64,22.3,45.83,0.83
코리아에프티(주),123410,2012/12,0,3.14,20.13,3.36,1.07
코오롱생명과학(주),102940,2012/12,20.53,13.38,22.32,20.46,0.83
코웰패션(주),033290,2012/12,5.34,2.14,9.03,-5.78,0.32
코위버(주),056360,2012/12,-1.01,4.67,11.19,88.71,0.67
퀀타피아(주),078940,2012/12,-32.79,-28.44,-0.56,31.87,0.36
큐렉소(주),060280,2012/12,206.81,-31.52,-7.71,-706.07,0.37
크루셜텍(주),114120,2012/12,-48.9,-6.47,1,-6.68,0.7
키네마스터(주),139670,2012/12,27.19,25.44,19.85,93.91,0.75
테라사이언스(주),073640,2012/12,-13.26,5.19,8.42,-2.4,0.33
티제이미디어(주),032540,2012/12,25.12,4.68,14.82,10.75,0.76
티케이지애강(주),022220,2012/12,-36.45,6.22,11.91,-0.43,0.94
팅크웨어(주),084730,2012/12,-6.78,2.64,23.19,0.64,1.18
파나케이아(주),058530,2012/12,3.57,-19.1,3.83,2.06,0.52
풍국주정공업(주),023900,2012/12,4.21,6.52,10.41,54.42,0.55
피에스케이홀딩스(주),031980,2012/12,-19.1,13.01,11.78,101.6,0.49
피에스텍(주),002230,2012/12,-33.74,1.47,6.25,8.33,0.32
피에이치에이(주),043370,2012/12,15.11,5.11,22.35,18.17,1.21
하나마이크론(주),067310,2012/12,-12.34,-2.43,22.78,14.54,0.83
하이록코리아(주),013030,2012/12,29.47,15.37,27.25,22.1,0.8
한국기업평가(주),034950,2012/09,14.37,25.27,15.7,53.36,0.55
한국선재(주),025550,2012/12,-15.45,2.75,15.09,18.51,1.18
한국알콜산업(주),017890,2012/12,1.9,3.3,10.8,29.24,0.85
한국전자금융(주),063570,2012/12,5.5,2.95,5.55,40.35,1.05
한국전자인증(주),041460,2012/12,15.56,20.39,13.47,50.89,0.66
한국정밀기계(주),101680,2012/12,-31.92,2.23,10.36,-9.38,0.46
한국정보공학(주),039740,2012/12,2.81,-0.85,4.91,2.77,1.65
한국정보통신(주),025770,2012/12,16.77,5.13,33.46,43.38,1.47
한국컴퓨터(주),054040,2012/12,26.86,1.22,20.2,47.36,3.98
한라아이엠에스(주),092460,2012/12,-2.8,9,13.34,21.88,0.58
한솔인티큐브(주),070590,2012/12,-11.48,-4.53,34.8,-16.46,1.32
한양디지텍(주),078350,2012/12,-10.53,-4.13,1.48,-7.24,1.33
한양이엔지(주),045100,2012/12,-22.22,1.99,27.52,9.36,1.48
한일단조공업(주),024740,2012/12,7.37,-0.64,8.62,-0.34,0.7
한일사료(주),005860,2012/12,15.46,1.94,12.16,-2.71,1.44
한일화학공업(주),007770,2012/12,-15.92,1.19,7.55,16.58,0.81
한창산업(주),079170,2012/12,-6.62,0.61,8.68,2.53,0.98
해성산업(주),034810,2012/12,1.47,30.85,3.01,22.31,0.09
현대바이오사이언스(주),048410,2012/12,-24.47,-22.71,3.13,-6.36,0.87
현대에이치티(주),039010,2012/12,-8.86,-0.17,11.23,-11.55,1.01
현우산업(주),092300,2012/12,-4.3,1.41,21.27,14.95,0.85
화성밸브(주),039610,2012/03,7.85,8.58,23.71,21.58,1.12
화일약품(주),061250,2012/12,17.45,5.58,12.61,15.53,0.87
휴림로봇(주),090710,2012/12,-37.98,-14.38,9.68,-13.39,0.59
흥구석유(주),024060,2012/12,4.39,0.53,8.49,29.39,3.63
